Date,City,Temperature_C,Humidity_Percentage,Wind_Speed_kmh,Precipitation_mm,Pressure_hPa,Cloud_Cover_Percentage,Visibility_km,Weather_Condition
2025-03-01,Mumbai,24.0,83,1.2,23.2,1025,69,3.1,Foggy
2025-03-02,Mumbai,16.2,58,13.7,33.6,1021,78,8.8,Sunny
2025-03-03,Mumbai,34.7,67,7.3,34.3,1015,41,4.5,Windy
2025-03-04,Mumbai,27.95185185185185,59,15.4,17.6,983,58,2.4,Drizzle
2025-03-05,Mumbai,27.95185185185185,87,7.7,24.6,1015,96,3.5,Cloudy
2025-03-06,Mumbai,22.2,62,6.3,27.7,1004,31,4.0,Sunny
2025-03-07,Mumbai,27.8,64,19.1,10.4,992,16,7.4,Drizzle
2025-03-08,Mumbai,27.95185185185185,41,9.8,5.4,997,57,5.5,Thunderstorm
2025-03-09,Mumbai,28.2,85,2.6,8.5,1016,78,4.0,Windy
2025-03-10,Mumbai,21.6,75,12.7,41.9,1020,65,3.0,Sunny
2025-03-11,Mumbai,20.4,56,5.5,4.9,983,16,4.0,Windy
2025-03-12,Mumbai,31.1,38,17.5,1.9,1027,65,6.8,Windy
2025-03-13,Mumbai,22.0,72,4.7,17.0,1011,70,4.1,Thunderstorm
2025-03-14,Mumbai,35.4,85,7.3,34.1,1015,57,8.9,Sunny
2025-03-15,Mumbai,21.1,80,3.6,3.6,985,87,4.5,Cloudy
2025-03-16,Mumbai,16.9,38,6.5,14.7,992,51,9.0,Rainy
2025-03-17,Mumbai,23.2,49,3.4,17.6,1012,34,8.9,Foggy
2025-03-18,Mumbai,35.1,87,6.5,0.5,984,97,2.9,Sunny
2025-03-19,Mumbai,16.4,59,7.4,23.3,1029,14,7.4,Sunny
2025-03-20,Mumbai,37.6,52,15.8,11.8,992,99,5.7,Thunderstorm
2025-03-21,Mumbai,38.8,30,16.8,4.9,1005,70,6.4,Windy
2025-03-22,Mumbai,33.3,30,6.0,12.8,1002,34,8.4,Windy
2025-03-23,Mumbai,37.1,77,1.4,2.8,986,1,6.1,Sunny
2025-03-24,Mumbai,32.8,61,5.3,12.5,986,74,8.1,Foggy
2025-03-25,Mumbai,19.6,81,11.6,19.4,983,10,5.0,Thunderstorm
2025-03-26,Mumbai,28.8,76,18.0,22.2,1029,89,8.1,Hazy
2025-03-27,Mumbai,38.4,60,6.4,33.3,996,15,3.5,Windy
2025-03-28,Mumbai,36.4,81,3.5,44.3,985,57,5.4,Rainy
2025-03-29,Mumbai,36.9,87,15.7,35.0,1000,50,9.3,Sunny
2025-03-30,Mumbai,18.7,33,9.6,15.4,1008,5,7.2,Hazy
2025-03-01,Delhi,20.1,53,8.8,27.9,984,49,3.4,Foggy
2025-03-02,Delhi,21.6,65,12.0,26.7,1027,33,2.7,Thunderstorm
2025-03-03,Delhi,29.0,68,7.3,22.0,988,43,4.0,Thunderstorm
2025-03-04,Delhi,28.8,51,13.5,48.7,1023,96,9.2,Drizzle
2025-03-05,Delhi,21.5,89,2.6,24.7,987,20,4.3,Windy
2025-03-06,Delhi,17.0,33,19.3,23.4,1010,72,3.6,Windy
2025-03-07,Delhi,33.7,31,15.5,28.1,1001,34,7.8,Drizzle
2025-03-08,Delhi,36.6,57,14.0,30.8,1015,73,2.5,Rainy
2025-03-09,Delhi,27.5,63,13.7,47.4,1005,33,6.0,Hazy
2025-03-10,Delhi,16.5,46,16.7,46.4,992,27,2.2,Foggy
2025-03-11,Delhi,35.4,33,11.4,21.3,1014,93,3.9,Thunderstorm
2025-03-12,Delhi,24.2,63,10.4,34.0,991,23,4.6,Thunderstorm
2025-03-13,Delhi,35.4,52,14.1,13.3,1008,63,7.4,Drizzle
2025-03-14,Delhi,19.0,36,9.7,41.9,1007,10,2.5,Rainy
2025-03-15,Delhi,34.1,83,17.0,9.0,1021,23,7.6,Rainy
2025-03-16,Delhi,19.4,46,11.1,1.8,1013,50,7.8,Thunderstorm
2025-03-17,Delhi,35.3,89,14.2,15.4,1011,7,7.1,Hazy
2025-03-18,Delhi,32.1,42,12.6,21.3,1010,7,4.2,Drizzle
2025-03-19,Delhi,39.5,75,8.8,49.3,1001,38,9.4,Windy
2025-03-20,Delhi,16.5,77,5.6,12.3,982,27,3.8,Rainy
2025-03-21,Delhi,19.8,77,17.4,34.3,994,66,3.5,Sunny
2025-03-22,Delhi,23.3,74,11.4,20.5,1001,62,5.3,Hazy
2025-03-23,Delhi,38.9,87,9.5,15.2,984,49,5.6,Drizzle
2025-03-24,Delhi,24.4,58,13.3,5.2,1007,40,4.2,Thunderstorm
2025-03-25,Delhi,34.3,30,17.1,29.6,989,2,3.4,Rainy
2025-03-26,Delhi,24.4,53,17.1,37.2,989,6,7.9,Drizzle
2025-03-27,Delhi,28.6,46,12.1,20.5,1015,94,2.9,Rainy
2025-03-28,Delhi,28.4,31,14.3,1.5,1017,23,8.3,Hazy
2025-03-29,Delhi,37.1,68,18.6,11.1,993,61,9.0,Rainy
2025-03-30,Delhi,24.6,89,3.2,44.7,1029,86,2.5,Sunny
2025-03-01,Bangalore,17.7,79,10.7,8.4,1030,95,2.2,Hazy
2025-03-02,Bangalore,22.7,83,15.9,10.7,989,20,3.7,Thunderstorm
2025-03-03,Bangalore,29.0,47,2.2,21.0,1010,24,4.2,Sunny
2025-03-04,Bangalore,33.1,75,19.8,43.7,982,1,3.2,Drizzle
2025-03-05,Bangalore,28.6,72,10.5,23.7,1006,25,2.7,Cloudy
2025-03-06,Bangalore,27.6,68,6.7,4.0,1009,66,8.9,Cloudy
2025-03-07,Bangalore,38.2,32,6.6,45.0,985,9,4.4,Drizzle
2025-03-08,Bangalore,23.0,70,1.1,48.9,980,97,2.3,Foggy
2025-03-09,Bangalore,26.7,31,15.4,36.1,1003,28,9.2,Drizzle
2025-03-10,Bangalore,16.0,36,2.2,43.2,999,53,8.5,Drizzle
2025-03-11,Bangalore,19.7,85,18.2,0.1,1017,54,9.9,Sunny
2025-03-12,Bangalore,27.8,62,11.4,1.1,987,88,6.2,Drizzle
2025-03-13,Bangalore,38.8,42,12.7,46.2,1000,26,2.1,Hazy
2025-03-14,Bangalore,25.8,85,3.7,2.9,1020,91,6.9,Foggy
2025-03-15,Bangalore,20.4,83,11.0,32.2,1000,71,3.1,Foggy
2025-03-16,Bangalore,36.0,33,9.7,32.4,1001,89,9.3,Cloudy
2025-03-17,Bangalore,38.6,56,19.4,38.4,994,25,4.2,Thunderstorm
2025-03-18,Bangalore,21.0,68,15.0,29.5,998,98,4.4,Sunny
2025-03-19,Bangalore,28.1,76,7.0,35.0,983,39,2.9,Cloudy
2025-03-20,Bangalore,37.6,87,19.9,38.3,1017,42,3.0,Sunny
2025-03-21,Bangalore,21.6,47,10.3,33.8,1006,16,9.0,Sunny
2025-03-22,Bangalore,37.6,36,10.5,30.3,1024,72,7.4,Drizzle
2025-03-23,Bangalore,22.7,78,15.0,48.8,1015,76,6.5,Foggy
2025-03-24,Bangalore,24.0,38,10.8,39.8,998,10,9.6,Thunderstorm
2025-03-25,Bangalore,24.6,60,5.8,24.1,1005,79,9.0,Drizzle
2025-03-26,Bangalore,24.4,82,11.8,42.3,1013,10,3.1,Drizzle
2025-03-27,Bangalore,22.4,83,7.5,17.1,1016,42,9.7,Sunny
2025-03-28,Bangalore,34.1,51,6.6,3.9,1010,75,6.7,Sunny
2025-03-29,Bangalore,26.4,77,3.5,32.0,1019,28,2.7,Sunny
2025-03-30,Bangalore,36.0,78,7.5,5.4,999,76,9.3,Drizzle
2025-03-01,Hyderabad,31.7,73,16.8,46.0,1027,21,6.2,Cloudy
2025-03-02,Hyderabad,36.5,35,11.5,30.2,1019,1,9.5,Thunderstorm
2025-03-03,Hyderabad,25.5,30,9.6,20.9,985,10,6.0,Drizzle
2025-03-04,Hyderabad,21.1,52,17.8,18.2,1005,70,2.8,Foggy
2025-03-05,Hyderabad,26.3,80,15.0,29.1,1022,69,5.3,Sunny
2025-03-06,Hyderabad,23.6,74,12.5,37.8,1023,68,7.9,Hazy
2025-03-07,Hyderabad,39.8,36,11.1,49.8,982,6,2.7,Cloudy
2025-03-08,Hyderabad,21.8,33,6.2,6.4,1000,85,6.9,Hazy
2025-03-09,Hyderabad,31.9,53,15.3,16.7,982,94,3.6,Thunderstorm
2025-03-10,Hyderabad,28.0,35,2.0,10.7,1019,22,2.9,Hazy
2025-03-11,Hyderabad,36.4,71,10.9,23.0,984,36,5.8,Cloudy
2025-03-12,Hyderabad,20.6,87,18.3,30.3,1018,62,6.8,Thunderstorm
2025-03-13,Hyderabad,33.1,52,8.0,29.7,1029,69,3.2,Cloudy
2025-03-14,Hyderabad,22.3,71,16.7,20.5,1006,68,6.4,Sunny
2025-03-15,Hyderabad,22.9,44,8.8,18.9,1020,28,6.8,Hazy
2025-03-16,Hyderabad,18.6,78,11.9,38.5,1011,16,9.8,Sunny
2025-03-17,Hyderabad,37.8,63,13.9,42.3,1004,31,7.8,Hazy
2025-03-18,Hyderabad,21.5,63,11.3,30.3,1014,19,7.2,Rainy
2025-03-19,Hyderabad,37.5,70,3.8,12.1,1017,86,3.8,Rainy
2025-03-20,Hyderabad,28.1,56,9.0,3.7,984,42,9.1,Windy
2025-03-21,Hyderabad,23.2,71,14.8,26.1,1030,57,6.3,Hazy
2025-03-22,Hyderabad,38.3,77,1.6,17.2,985,78,3.7,Windy
2025-03-23,Hyderabad,18.2,51,6.7,49.4,1007,93,7.4,Rainy
2025-03-24,Hyderabad,34.1,58,2.9,33.5,991,59,2.2,Sunny
2025-03-25,Hyderabad,30.0,86,14.6,15.4,995,54,8.2,Foggy
2025-03-26,Hyderabad,20.5,56,16.2,44.3,982,95,6.2,Rainy
2025-03-27,Hyderabad,30.0,58,4.1,25.6,1017,39,6.1,Hazy
2025-03-28,Hyderabad,21.7,85,19.6,46.3,1006,72,7.8,Hazy
2025-03-29,Hyderabad,26.1,32,14.5,31.9,985,58,9.5,Hazy
2025-03-30,Hyderabad,17.0,74,15.4,17.7,984,79,7.3,Drizzle
2025-03-01,Chennai,38.3,77,14.3,11.8,1023,47,3.0,Windy
2025-03-02,Chennai,28.6,56,3.4,49.8,999,72,3.3,Drizzle
2025-03-03,Chennai,29.2,89,5.7,8.9,986,27,4.4,Thunderstorm
2025-03-04,Chennai,33.4,48,12.4,46.3,1008,78,4.0,Foggy
2025-03-05,Chennai,29.2,51,13.2,49.2,996,39,3.2,Rainy
2025-03-06,Chennai,21.3,63,8.6,30.7,982,81,8.6,Windy
2025-03-07,Chennai,36.1,43,10.9,47.4,1010,80,7.1,Thunderstorm
2025-03-08,Chennai,22.3,31,2.3,48.6,1012,51,3.4,Sunny
2025-03-09,Chennai,20.1,71,3.3,42.3,1022,21,2.2,Hazy
2025-03-10,Chennai,31.0,56,12.3,25.1,980,64,9.3,Windy
2025-03-11,Chennai,24.2,42,9.9,2.0,986,14,2.8,Hazy
2025-03-12,Chennai,21.9,35,5.5,37.2,1014,51,6.1,Cloudy
2025-03-13,Chennai,17.9,86,10.3,4.7,1012,30,8.0,Foggy
2025-03-14,Chennai,38.5,71,1.8,11.3,982,9,6.9,Sunny
2025-03-15,Chennai,31.9,90,5.2,49.4,1024,4,4.2,Foggy
2025-03-16,Chennai,25.6,38,9.4,9.3,1020,88,8.6,Thunderstorm
2025-03-17,Chennai,27.0,32,14.1,27.2,1017,83,4.3,Sunny
2025-03-18,Chennai,17.6,60,8.0,49.1,994,19,6.5,Hazy
2025-03-19,Chennai,30.3,65,14.0,35.4,1003,100,2.5,Cloudy
2025-03-20,Chennai,33.9,70,13.9,1.7,997,84,6.0,Sunny
2025-03-21,Chennai,30.9,56,13.1,36.3,986,6,10.0,Hazy
2025-03-22,Chennai,29.1,44,17.8,12.8,994,53,5.1,Sunny
2025-03-23,Chennai,32.3,77,11.5,25.5,994,97,5.7,Hazy
2025-03-24,Chennai,18.7,70,2.0,40.1,994,15,6.8,Hazy
2025-03-25,Chennai,16.3,90,8.2,27.4,1019,16,8.1,Hazy
2025-03-26,Chennai,35.9,89,17.4,9.4,1004,8,5.0,Windy
2025-03-27,Chennai,17.9,32,16.1,26.7,984,63,8.0,Drizzle
2025-03-28,Chennai,20.9,74,5.5,48.7,1024,64,6.6,Cloudy
2025-03-29,Chennai,23.2,53,1.3,3.4,980,68,4.3,Cloudy
2025-03-30,Chennai,19.8,78,15.6,2.9,983,27,7.1,Thunderstorm
2025-03-01,Kolkata,22.3,61,8.3,23.1,1025,24,8.0,Cloudy
2025-03-02,Kolkata,34.7,79,5.7,14.1,1002,93,8.9,Drizzle
2025-03-03,Kolkata,28.8,49,8.7,26.6,981,37,2.6,Foggy
2025-03-04,Kolkata,22.8,39,3.2,23.4,1008,63,7.6,Thunderstorm
2025-03-05,Kolkata,39.8,68,11.1,34.7,1019,32,3.5,Drizzle
2025-03-06,Kolkata,24.8,76,18.1,0.4,1015,8,3.5,Rainy
2025-03-07,Kolkata,36.3,36,13.9,18.3,984,71,9.4,Thunderstorm
2025-03-08,Kolkata,37.7,52,17.8,21.3,1029,20,2.2,Windy
2025-03-09,Kolkata,28.6,32,2.6,48.4,981,16,5.7,Thunderstorm
2025-03-10,Kolkata,26.4,61,19.9,42.6,1029,20,3.3,Drizzle
2025-03-11,Kolkata,34.5,56,17.4,23.7,999,60,3.7,Sunny
2025-03-12,Kolkata,16.3,47,17.2,48.6,1024,19,6.0,Drizzle
2025-03-13,Kolkata,26.1,56,14.0,27.1,1013,85,3.3,Sunny
2025-03-14,Kolkata,39.0,50,5.1,31.4,1023,45,8.3,Drizzle
2025-03-15,Kolkata,26.1,35,8.2,16.7,987,90,9.1,Hazy
2025-03-16,Kolkata,21.4,49,7.6,22.4,997,97,3.0,Thunderstorm
2025-03-17,Kolkata,18.4,84,8.3,13.1,1025,13,7.2,Windy
2025-03-18,Kolkata,35.2,87,12.7,0.3,1014,48,5.2,Drizzle
2025-03-19,Kolkata,30.5,35,13.3,29.0,1028,2,4.7,Windy
2025-03-20,Kolkata,29.1,69,18.2,16.0,990,13,6.1,Drizzle
2025-03-21,Kolkata,28.7,49,7.3,38.9,1023,18,7.8,Sunny
2025-03-22,Kolkata,23.5,49,17.3,40.4,986,21,9.8,Windy
2025-03-23,Kolkata,18.3,55,3.5,37.1,982,62,5.0,Foggy
2025-03-24,Kolkata,30.3,31,4.9,0.4,1020,92,5.0,Thunderstorm
2025-03-25,Kolkata,24.9,77,17.2,35.2,1017,13,7.0,Hazy
2025-03-26,Kolkata,30.3,53,8.7,15.4,980,57,3.0,Windy
2025-03-27,Kolkata,32.9,34,8.4,0.0,982,6,5.1,Cloudy
2025-03-28,Kolkata,31.7,81,1.5,36.1,1009,94,3.7,Cloudy
2025-03-29,Kolkata,34.2,61,19.9,38.6,1013,48,5.4,Drizzle
2025-03-30,Kolkata,21.0,56,4.9,7.4,1000,85,8.2,Drizzle
2025-03-01,Pune,23.2,56,12.9,8.9,1000,15,2.6,Windy
2025-03-02,Pune,32.5,47,19.9,32.9,1001,47,5.6,Rainy
2025-03-03,Pune,16.8,52,2.9,26.1,998,72,6.8,Foggy
2025-03-04,Pune,37.5,44,16.5,5.0,982,99,7.9,Hazy
2025-03-05,Pune,33.3,75,12.0,41.0,1009,52,5.9,Drizzle
2025-03-06,Pune,16.5,74,8.2,30.6,994,82,5.4,Thunderstorm
2025-03-07,Pune,36.7,81,8.7,1.9,1030,16,5.3,Sunny
2025-03-08,Pune,28.7,46,1.2,26.7,1019,41,3.1,Hazy
2025-03-09,Pune,22.7,33,6.4,2.8,1015,61,7.7,Cloudy
2025-03-10,Pune,28.2,88,16.1,3.4,980,30,6.2,Rainy
2025-03-11,Pune,16.3,39,5.8,23.5,987,46,6.0,Thunderstorm
2025-03-12,Pune,26.8,75,14.9,27.6,1020,18,6.9,Cloudy
2025-03-13,Pune,16.5,56,11.0,8.4,1020,98,9.6,Hazy
2025-03-14,Pune,31.4,57,10.2,12.0,1026,88,6.0,Cloudy
2025-03-15,Pune,18.7,46,14.5,5.5,1016,15,7.0,Windy
2025-03-16,Pune,28.3,53,14.4,24.2,1002,28,6.5,Rainy
2025-03-17,Pune,17.6,55,8.7,33.1,1026,5,2.9,Drizzle
2025-03-18,Pune,38.3,68,4.0,28.4,998,96,4.3,Thunderstorm
2025-03-19,Pune,36.4,34,15.6,11.1,991,97,2.8,Drizzle
2025-03-20,Pune,32.9,77,6.3,41.9,1023,56,4.7,Sunny
2025-03-21,Pune,32.1,55,17.2,27.1,981,7,3.2,Rainy
2025-03-22,Pune,20.9,42,19.8,4.1,1026,60,9.3,Rainy
2025-03-23,Pune,32.8,75,10.4,10.5,1025,14,9.5,Foggy
2025-03-24,Pune,35.9,42,13.0,45.5,1027,34,8.7,Drizzle
2025-03-25,Pune,30.5,69,7.2,2.8,995,90,9.0,Sunny
2025-03-26,Pune,37.0,31,10.6,22.2,1018,61,4.4,Rainy
2025-03-27,Pune,29.9,62,2.9,42.1,1021,48,3.5,Windy
2025-03-28,Pune,24.0,46,19.8,19.6,999,37,9.9,Sunny
2025-03-29,Pune,17.3,76,18.3,41.1,1028,17,2.3,Sunny
2025-03-30,Pune,28.6,41,13.1,28.0,1006,30,3.4,Windy
2025-03-01,Ahmedabad,39.1,53,2.8,27.5,1021,22,4.5,Thunderstorm
2025-03-02,Ahmedabad,27.8,42,15.8,5.9,981,47,8.9,Foggy
2025-03-03,Ahmedabad,31.8,42,15.4,45.2,1020,34,3.1,Thunderstorm
2025-03-04,Ahmedabad,16.0,30,15.5,29.0,1011,97,2.3,Thunderstorm
2025-03-05,Ahmedabad,35.1,75,9.4,30.1,1024,6,4.6,Cloudy
2025-03-06,Ahmedabad,32.3,52,12.2,25.3,1003,22,2.2,Hazy
2025-03-07,Ahmedabad,37.3,42,6.7,21.7,991,14,6.0,Rainy
2025-03-08,Ahmedabad,17.7,42,11.8,12.7,987,53,9.1,Hazy
2025-03-09,Ahmedabad,29.8,49,19.1,11.5,981,53,3.7,Sunny
2025-03-10,Ahmedabad,35.0,32,4.2,30.9,1022,85,7.6,Cloudy
2025-03-11,Ahmedabad,39.2,31,13.8,19.9,1028,21,6.8,Sunny
2025-03-12,Ahmedabad,19.1,76,18.6,4.0,998,31,4.4,Hazy
2025-03-13,Ahmedabad,26.6,49,4.8,26.8,1013,42,8.3,Hazy
2025-03-14,Ahmedabad,15.0,42,14.6,3.0,1008,92,3.8,Foggy
2025-03-15,Ahmedabad,18.5,52,1.4,16.1,1025,77,3.5,Windy
2025-03-16,Ahmedabad,19.4,54,13.9,46.8,982,45,9.3,Sunny
2025-03-17,Ahmedabad,36.4,37,8.0,10.0,1015,79,8.0,Sunny
2025-03-18,Ahmedabad,16.8,76,5.0,40.3,1027,19,5.5,Cloudy
2025-03-19,Ahmedabad,19.3,33,7.3,18.2,1018,62,3.9,Cloudy
2025-03-20,Ahmedabad,39.3,87,1.8,11.1,1027,64,8.7,Cloudy
2025-03-21,Ahmedabad,39.5,35,5.2,6.4,1012,43,3.6,Sunny
2025-03-22,Ahmedabad,32.6,35,1.4,0.6,996,47,2.6,Hazy
2025-03-23,Ahmedabad,21.4,60,14.7,13.4,993,43,3.9,Cloudy
2025-03-24,Ahmedabad,15.4,43,3.9,20.4,988,97,9.2,Foggy
2025-03-25,Ahmedabad,36.5,79,10.6,0.5,982,24,3.3,Hazy
2025-03-26,Ahmedabad,19.6,86,13.4,39.7,983,52,5.1,Foggy
2025-03-27,Ahmedabad,37.3,58,3.7,41.9,995,93,5.1,Thunderstorm
2025-03-28,Ahmedabad,38.5,81,4.1,44.9,994,42,4.6,Drizzle
2025-03-29,Ahmedabad,19.6,90,12.6,36.7,1025,45,8.6,Thunderstorm
2025-03-30,Ahmedabad,37.7,33,12.3,2.5,999,41,9.3,Sunny
2025-03-01,Jaipur,34.0,78,11.7,39.3,987,74,4.6,Cloudy
2025-03-02,Jaipur,22.4,84,1.2,40.8,1013,78,5.4,Cloudy
2025-03-03,Jaipur,21.8,43,3.7,47.9,1009,1,3.3,Thunderstorm
2025-03-04,Jaipur,29.2,67,19.0,35.2,990,93,6.5,Hazy
2025-03-05,Jaipur,25.2,42,17.5,43.0,1030,23,3.8,Foggy
2025-03-06,Jaipur,29.8,76,6.1,10.1,1030,45,9.2,Hazy
2025-03-07,Jaipur,17.6,83,11.0,19.2,1014,51,5.3,Cloudy
2025-03-08,Jaipur,29.5,35,6.1,6.6,999,87,6.2,Sunny
2025-03-09,Jaipur,31.9,42,15.4,10.5,1012,23,2.9,Foggy
2025-03-10,Jaipur,30.4,48,17.6,28.1,1018,59,7.0,Windy
2025-03-11,Jaipur,33.8,41,14.7,37.5,1028,18,2.7,Thunderstorm
2025-03-12,Jaipur,27.0,64,1.2,31.7,1020,34,9.2,Thunderstorm
2025-03-13,Jaipur,26.2,90,6.6,14.1,990,15,9.1,Windy
2025-03-14,Jaipur,35.2,45,4.9,7.1,1024,66,2.7,Foggy
2025-03-15,Jaipur,36.9,72,10.6,45.2,982,96,6.1,Cloudy
2025-03-16,Jaipur,18.6,68,9.2,23.9,1027,66,7.3,Hazy
2025-03-17,Jaipur,18.5,61,3.8,35.4,981,33,7.1,Rainy
2025-03-18,Jaipur,31.1,31,19.2,8.0,1002,86,3.9,Foggy
2025-03-19,Jaipur,35.0,59,9.9,0.9,1012,21,6.7,Hazy
2025-03-20,Jaipur,36.0,55,2.5,16.3,992,6,5.7,Cloudy
2025-03-21,Jaipur,28.0,90,12.0,6.8,983,6,2.3,Foggy
2025-03-22,Jaipur,23.8,88,3.7,48.1,1015,24,9.3,Hazy
2025-03-23,Jaipur,15.1,42,12.8,14.4,1008,61,8.8,Windy
2025-03-24,Jaipur,31.1,32,11.1,22.2,1004,14,8.9,Windy
2025-03-25,Jaipur,16.7,40,1.9,33.7,1029,54,6.2,Thunderstorm
2025-03-26,Jaipur,25.9,44,4.2,7.8,1014,5,9.4,Thunderstorm
2025-03-27,Jaipur,24.0,83,12.9,4.4,1029,17,2.8,Hazy
2025-03-28,Jaipur,36.0,81,9.5,37.4,987,67,6.6,Foggy
2025-03-29,Jaipur,17.0,70,2.4,24.4,981,96,7.4,Thunderstorm
2025-03-30,Jaipur,38.2,46,4.4,30.1,1008,19,9.0,Windy
2025-03-01,Surat,38.7,85,14.9,21.3,1015,39,4.2,Hazy
2025-03-02,Surat,31.7,47,7.4,24.3,1018,13,6.0,Hazy
2025-03-03,Surat,34.1,35,7.5,48.2,1012,62,9.3,Hazy
2025-03-04,Surat,32.9,66,8.2,34.6,998,82,2.4,Thunderstorm
2025-03-05,Surat,31.9,48,9.2,4.1,998,35,7.5,Hazy
2025-03-06,Surat,39.4,81,14.2,36.2,987,27,8.7,Drizzle
2025-03-07,Surat,22.2,70,4.3,31.6,1003,63,7.2,Hazy
2025-03-08,Surat,23.3,33,8.8,18.8,987,15,4.7,Drizzle
2025-03-09,Surat,17.9,60,17.5,36.8,1018,76,3.2,Sunny
2025-03-10,Surat,32.0,30,8.3,14.3,1014,84,3.6,Windy
2025-03-11,Surat,34.7,56,13.5,5.5,1000,12,5.7,Rainy
2025-03-12,Surat,23.1,54,8.4,12.5,1011,45,4.0,Foggy
2025-03-13,Surat,37.8,83,17.3,29.0,993,35,7.0,Sunny
2025-03-14,Surat,20.2,90,8.6,7.8,994,83,6.7,Foggy
2025-03-15,Surat,27.4,30,9.2,18.6,1008,21,9.7,Foggy
2025-03-16,Surat,19.0,52,2.6,22.1,997,12,3.9,Thunderstorm
2025-03-17,Surat,24.1,39,3.1,48.7,1018,69,9.0,Drizzle
2025-03-18,Surat,27.8,57,10.7,37.9,1007,45,4.0,Rainy
2025-03-19,Surat,29.4,77,5.7,10.2,1003,99,6.0,Thunderstorm
2025-03-20,Surat,34.0,30,16.6,18.9,1001,94,8.9,Foggy
2025-03-21,Surat,31.7,54,5.6,32.4,1007,14,4.3,Foggy
2025-03-22,Surat,35.7,35,3.8,15.5,989,35,6.6,Drizzle
2025-03-23,Surat,39.0,42,10.9,24.7,980,76,5.7,Rainy
2025-03-24,Surat,36.1,82,8.1,26.6,990,81,8.5,Cloudy
2025-03-25,Surat,33.8,84,14.0,6.3,987,74,3.7,Rainy
2025-03-26,Surat,24.5,59,6.7,27.8,1010,86,2.5,Thunderstorm
2025-03-27,Surat,25.6,79,10.9,37.5,997,83,2.9,Cloudy
2025-03-28,Surat,26.4,47,11.2,23.7,1020,74,3.5,Foggy
2025-03-29,Surat,34.2,59,13.2,9.2,1030,32,8.7,Rainy
2025-03-30,Surat,37.8,45,10.1,44.3,992,80,7.7,Sunny
2025-03-01,Lucknow,18.8,77,9.0,33.6,999,65,8.3,Windy
2025-03-02,Lucknow,28.6,48,9.4,6.3,1008,78,3.4,Thunderstorm
2025-03-03,Lucknow,17.8,60,14.5,29.3,1018,98,5.2,Foggy
2025-03-04,Lucknow,21.6,58,16.9,9.8,997,57,5.5,Cloudy
2025-03-05,Lucknow,15.3,49,18.7,10.4,1004,57,8.2,Hazy
2025-03-06,Lucknow,24.4,76,5.0,39.4,1009,38,3.6,Hazy
2025-03-07,Lucknow,21.6,82,8.7,34.8,984,49,7.8,Sunny
2025-03-08,Lucknow,19.7,63,6.8,30.3,998,38,6.9,Foggy
2025-03-09,Lucknow,33.0,72,2.7,44.7,982,30,3.0,Rainy
2025-03-10,Lucknow,28.2,67,8.4,20.9,1020,62,9.5,Rainy
2025-03-11,Lucknow,23.4,48,7.5,45.1,1012,29,3.3,Sunny
2025-03-12,Lucknow,32.1,33,15.9,5.4,991,50,7.8,Rainy
2025-03-13,Lucknow,35.6,33,16.6,24.1,1023,8,4.7,Thunderstorm
2025-03-14,Lucknow,31.8,32,17.9,12.1,1019,43,5.9,Hazy
2025-03-15,Lucknow,20.5,40,18.4,10.7,1021,59,7.5,Foggy
2025-03-16,Lucknow,27.7,61,2.9,49.2,993,52,9.0,Windy
2025-03-17,Lucknow,17.6,66,10.7,16.8,1021,21,8.5,Foggy
2025-03-18,Lucknow,20.8,77,7.0,0.7,1019,97,4.0,Foggy
2025-03-19,Lucknow,34.2,45,13.5,8.8,1019,11,7.8,Cloudy
2025-03-20,Lucknow,38.4,52,2.3,31.3,1017,1,6.6,Windy
2025-03-21,Lucknow,37.8,77,19.3,34.6,1010,89,8.1,Windy
2025-03-22,Lucknow,21.3,60,2.0,7.6,1014,70,8.0,Sunny
2025-03-23,Lucknow,31.1,69,14.0,14.2,989,13,2.3,Cloudy
2025-03-24,Lucknow,23.3,70,1.3,45.5,1019,70,9.9,Hazy
2025-03-25,Lucknow,26.5,79,14.2,12.9,1008,57,4.5,Cloudy
2025-03-26,Lucknow,18.5,69,10.9,33.8,1005,74,8.0,Drizzle
2025-03-27,Lucknow,28.7,52,16.3,3.4,1026,15,3.3,Drizzle
2025-03-28,Lucknow,39.9,47,5.2,26.1,996,81,9.9,Foggy
2025-03-29,Lucknow,32.4,66,16.8,14.9,1015,51,5.9,Drizzle
2025-03-30,Lucknow,34.0,59,9.5,38.0,1010,64,8.4,Thunderstorm
2025-03-01,Kanpur,25.6,70,3.3,42.2,1025,58,5.2,Hazy
2025-03-02,Kanpur,15.1,58,10.1,29.1,1024,10,2.9,Rainy
2025-03-03,Kanpur,27.3,55,17.1,16.1,981,81,5.4,Foggy
2025-03-04,Kanpur,18.2,58,8.3,17.1,987,51,4.3,Foggy
2025-03-05,Kanpur,34.8,61,15.7,4.9,981,60,3.6,Cloudy
2025-03-06,Kanpur,18.1,39,11.6,7.1,985,58,3.9,Hazy
2025-03-07,Kanpur,32.7,57,18.6,13.3,989,2,5.9,Thunderstorm
2025-03-08,Kanpur,37.0,41,7.8,38.0,1000,6,3.1,Windy
2025-03-09,Kanpur,28.9,54,11.3,48.0,1016,85,4.8,Rainy
2025-03-10,Kanpur,23.1,34,18.5,17.2,1002,11,6.1,Windy
2025-03-11,Kanpur,23.0,74,16.7,22.6,1004,68,4.9,Cloudy
2025-03-12,Kanpur,22.6,79,18.8,14.3,1020,99,3.4,Drizzle
2025-03-13,Kanpur,36.2,90,1.3,38.4,1023,64,7.7,Sunny
2025-03-14,Kanpur,21.8,54,6.0,17.8,1023,22,3.8,Cloudy
2025-03-15,Kanpur,22.8,54,10.4,48.3,1028,46,9.8,Cloudy
2025-03-16,Kanpur,39.7,70,17.9,29.2,1018,80,3.4,Sunny
2025-03-17,Kanpur,21.9,83,9.4,14.9,983,56,8.4,Foggy
2025-03-18,Kanpur,32.6,46,16.5,17.0,1012,38,4.4,Drizzle
2025-03-19,Kanpur,37.1,67,6.0,37.5,988,0,3.7,Foggy
2025-03-20,Kanpur,20.6,65,2.7,38.4,1004,69,3.4,Hazy
2025-03-21,Kanpur,35.7,79,12.8,49.3,982,67,4.3,Thunderstorm
2025-03-22,Kanpur,35.6,49,12.5,36.3,1018,77,3.0,Sunny
2025-03-23,Kanpur,37.7,53,18.7,29.2,982,49,5.8,Drizzle
2025-03-24,Kanpur,38.3,75,17.3,11.5,996,93,5.3,Drizzle
2025-03-25,Kanpur,18.4,52,5.3,15.7,1018,96,5.0,Foggy
2025-03-26,Kanpur,30.4,89,17.0,42.5,1001,5,3.7,Foggy
2025-03-27,Kanpur,35.1,60,16.7,16.9,1001,65,8.5,Cloudy
2025-03-28,Kanpur,23.2,77,2.4,18.7,1027,46,3.4,Thunderstorm
2025-03-29,Kanpur,34.0,68,14.6,18.8,999,33,6.9,Drizzle
2025-03-30,Kanpur,27.6,47,17.9,24.1,1002,74,7.5,Hazy
2025-03-01,Nagpur,35.4,47,9.6,3.4,1011,84,5.5,Hazy
2025-03-02,Nagpur,22.5,89,9.5,25.9,989,66,4.6,Windy
2025-03-03,Nagpur,16.5,71,4.8,22.2,998,73,2.7,Cloudy
2025-03-04,Nagpur,21.4,56,8.5,5.7,1011,4,9.8,Thunderstorm
2025-03-05,Nagpur,35.1,52,1.1,40.4,993,71,7.8,Hazy
2025-03-06,Nagpur,31.8,37,6.6,49.0,1011,16,3.8,Thunderstorm
2025-03-07,Nagpur,24.6,64,1.5,4.1,987,86,9.8,Drizzle
2025-03-08,Nagpur,32.9,44,8.7,30.1,997,9,4.2,Sunny
2025-03-09,Nagpur,24.4,46,8.8,20.6,1014,27,4.5,Windy
2025-03-10,Nagpur,25.0,58,2.2,13.5,989,40,5.6,Cloudy
2025-03-11,Nagpur,36.5,54,6.5,32.5,1026,6,4.5,Rainy
2025-03-12,Nagpur,34.0,44,15.4,37.0,988,13,2.2,Drizzle
2025-03-13,Nagpur,31.7,49,5.3,44.4,1015,21,5.3,Foggy
2025-03-14,Nagpur,33.6,73,14.6,6.4,1022,6,7.2,Cloudy
2025-03-15,Nagpur,20.6,33,3.4,8.5,1023,5,3.0,Windy
2025-03-16,Nagpur,36.7,90,14.5,44.9,1023,6,6.0,Drizzle
2025-03-17,Nagpur,38.5,34,15.4,43.9,1001,92,3.4,Rainy
2025-03-18,Nagpur,15.9,89,7.2,22.5,983,31,9.6,Thunderstorm
2025-03-19,Nagpur,31.3,88,17.3,43.6,1004,10,6.9,Windy
2025-03-20,Nagpur,19.4,53,6.9,38.1,1025,52,7.6,Drizzle
2025-03-21,Nagpur,24.7,54,19.1,32.5,1007,57,9.5,Hazy
2025-03-22,Nagpur,21.3,31,6.1,31.3,1020,91,4.1,Sunny
2025-03-23,Nagpur,38.3,62,2.7,21.0,993,22,6.3,Windy
2025-03-24,Nagpur,35.4,64,13.5,43.2,1004,7,3.9,Drizzle
2025-03-25,Nagpur,38.0,68,6.9,0.6,993,56,7.7,Drizzle
2025-03-26,Nagpur,30.9,88,13.3,44.1,986,68,4.0,Cloudy
2025-03-27,Nagpur,34.8,57,17.9,5.9,985,84,7.1,Cloudy
2025-03-28,Nagpur,24.9,71,18.6,21.2,986,1,7.1,Hazy
2025-03-29,Nagpur,23.8,74,7.7,45.2,993,57,4.4,Cloudy
2025-03-30,Nagpur,15.4,36,14.2,35.5,1024,12,4.5,Thunderstorm
2025-03-01,Indore,22.1,63,6.8,39.0,1005,86,8.7,Thunderstorm
2025-03-02,Indore,27.2,32,13.8,47.2,1012,75,3.2,Foggy
2025-03-03,Indore,27.8,43,17.4,1.4,983,95,7.9,Drizzle
2025-03-04,Indore,19.7,70,5.2,4.1,1005,85,7.5,Foggy
2025-03-05,Indore,36.1,30,6.0,40.4,981,76,3.0,Foggy
2025-03-06,Indore,39.6,61,19.7,34.8,1015,21,9.7,Rainy
2025-03-07,Indore,31.4,66,5.2,24.9,989,20,5.2,Foggy
2025-03-08,Indore,20.4,76,18.1,20.1,1019,2,3.2,Drizzle
2025-03-09,Indore,18.2,42,6.9,42.0,1014,65,2.4,Foggy
2025-03-10,Indore,30.3,32,6.4,25.5,1030,75,3.9,Hazy
2025-03-11,Indore,18.3,84,13.3,26.1,1027,61,5.9,Drizzle
2025-03-12,Indore,26.4,78,7.7,3.2,980,25,5.8,Cloudy
2025-03-13,Indore,18.0,55,10.9,8.2,1022,44,6.3,Windy
2025-03-14,Indore,35.0,62,11.7,49.0,981,93,4.2,Sunny
2025-03-15,Indore,20.6,31,16.7,45.2,1025,69,3.6,Cloudy
2025-03-16,Indore,24.6,83,2.7,44.3,990,55,2.7,Drizzle
2025-03-17,Indore,34.0,72,5.0,3.3,1015,77,7.7,Hazy
2025-03-18,Indore,16.0,81,7.1,2.5,1000,65,3.8,Sunny
2025-03-19,Indore,23.5,43,4.0,7.0,980,78,7.9,Rainy
2025-03-20,Indore,18.9,38,6.8,34.3,1003,10,7.9,Thunderstorm
2025-03-21,Indore,29.5,76,6.1,48.5,1029,19,6.0,Rainy
2025-03-22,Indore,37.5,54,7.1,45.5,997,98,5.8,Hazy
2025-03-23,Indore,23.2,34,7.6,5.9,993,81,7.1,Foggy
2025-03-24,Indore,30.4,51,16.7,4.5,987,28,5.9,Foggy
2025-03-25,Indore,16.3,71,8.0,14.9,1016,55,6.4,Thunderstorm
2025-03-26,Indore,25.1,53,12.6,12.7,987,70,4.0,Foggy
2025-03-27,Indore,21.7,54,14.9,6.8,1017,57,6.1,Drizzle
2025-03-28,Indore,38.2,73,2.1,17.3,1006,56,4.4,Cloudy
2025-03-29,Indore,36.6,38,14.1,38.9,987,42,5.3,Thunderstorm
2025-03-30,Indore,25.0,71,8.2,5.5,982,77,8.5,Windy
2025-03-01,Thane,36.3,52,12.4,41.5,1004,27,4.4,Hazy
2025-03-02,Thane,25.4,83,2.1,30.3,991,81,5.9,Sunny
2025-03-03,Thane,37.5,81,13.4,16.8,995,96,7.7,Hazy
2025-03-04,Thane,33.9,69,19.7,9.8,981,46,4.3,Windy
2025-03-05,Thane,36.8,40,8.2,6.5,997,87,7.2,Sunny
2025-03-06,Thane,19.8,76,18.9,27.3,1003,3,8.0,Sunny
2025-03-07,Thane,24.3,36,5.6,30.9,986,67,2.7,Sunny
2025-03-08,Thane,33.4,62,5.9,12.1,999,28,9.5,Drizzle
2025-03-09,Thane,16.1,41,15.5,32.1,1017,34,3.0,Thunderstorm
2025-03-10,Thane,31.6,34,4.2,41.3,1020,86,2.2,Hazy
2025-03-11,Thane,21.6,39,10.7,10.0,1020,45,3.0,Thunderstorm
2025-03-12,Thane,15.5,90,9.1,4.2,987,34,4.7,Windy
2025-03-13,Thane,31.8,78,13.4,28.6,1030,33,6.4,Cloudy
2025-03-14,Thane,23.5,90,17.4,17.0,1001,77,7.4,Thunderstorm
2025-03-15,Thane,38.2,61,7.7,11.2,1016,61,2.8,Windy
2025-03-16,Thane,33.6,43,5.8,23.0,1002,44,3.7,Drizzle
2025-03-17,Thane,20.7,54,11.4,4.3,1006,87,5.5,Windy
2025-03-18,Thane,17.7,88,12.0,16.4,995,17,6.2,Sunny
2025-03-19,Thane,23.0,56,8.7,26.8,986,74,3.5,Thunderstorm
2025-03-20,Thane,31.2,52,4.6,20.3,986,68,5.2,Hazy
2025-03-21,Thane,38.0,73,17.4,48.3,1007,80,8.0,Drizzle
2025-03-22,Thane,28.3,45,12.3,4.9,987,90,3.5,Rainy
2025-03-23,Thane,26.9,79,12.8,27.4,1017,85,5.7,Cloudy
2025-03-24,Thane,39.1,43,9.6,14.3,1021,58,4.5,Sunny
2025-03-25,Thane,21.8,46,13.7,6.9,1015,91,3.0,Hazy
2025-03-26,Thane,15.8,47,2.8,40.0,986,87,8.8,Rainy
2025-03-27,Thane,28.3,84,2.9,37.3,1025,45,8.0,Cloudy
2025-03-28,Thane,23.0,54,9.0,27.4,1010,98,8.3,Rainy
2025-03-29,Thane,33.3,30,12.3,23.0,1022,72,9.2,Cloudy
2025-03-30,Thane,30.7,73,16.2,34.8,980,61,9.9,Cloudy
2025-03-01,Bhopal,36.9,77,4.2,3.8,1008,9,4.0,Foggy
2025-03-02,Bhopal,31.6,78,14.7,44.2,1010,92,2.7,Hazy
2025-03-03,Bhopal,31.1,39,17.5,23.8,1014,63,4.1,Sunny
2025-03-04,Bhopal,31.5,53,6.2,37.3,991,10,5.4,Windy
2025-03-05,Bhopal,25.7,71,7.7,9.7,990,10,9.5,Foggy
2025-03-06,Bhopal,29.9,34,9.0,25.9,1025,29,8.1,Rainy
2025-03-07,Bhopal,22.0,54,10.7,15.3,995,73,7.6,Thunderstorm
2025-03-08,Bhopal,31.9,71,16.4,11.1,1025,26,8.6,Sunny
2025-03-09,Bhopal,32.0,60,12.8,33.0,1024,84,8.7,Rainy
2025-03-10,Bhopal,25.0,43,9.1,16.5,1007,86,3.2,Rainy
2025-03-11,Bhopal,22.3,69,6.3,16.6,1002,56,2.5,Hazy
2025-03-12,Bhopal,36.3,47,3.0,40.3,991,43,4.8,Windy
2025-03-13,Bhopal,21.7,32,13.8,44.1,991,63,5.1,Thunderstorm
2025-03-14,Bhopal,22.6,52,9.1,23.9,1014,27,3.9,Foggy
2025-03-15,Bhopal,21.5,90,6.9,44.6,982,61,4.1,Drizzle
2025-03-16,Bhopal,25.6,69,11.7,1.3,1023,49,10.0,Foggy
2025-03-17,Bhopal,24.2,31,1.6,10.4,989,96,5.0,Hazy
2025-03-18,Bhopal,32.9,72,1.5,25.8,1018,72,3.9,Sunny
2025-03-19,Bhopal,19.4,86,11.8,0.7,986,32,7.4,Rainy
2025-03-20,Bhopal,32.6,30,9.9,32.3,1003,24,7.7,Sunny
2025-03-21,Bhopal,35.0,42,10.4,6.2,1004,43,3.0,Foggy
2025-03-22,Bhopal,27.5,62,19.3,13.4,980,19,2.7,Sunny
2025-03-23,Bhopal,24.9,51,17.3,48.3,985,4,5.0,Cloudy
2025-03-24,Bhopal,16.2,48,16.5,12.8,1014,71,2.3,Cloudy
2025-03-25,Bhopal,27.9,45,14.4,9.6,1008,3,8.4,Thunderstorm
2025-03-26,Bhopal,39.0,42,1.0,0.2,1006,42,7.1,Rainy
2025-03-27,Bhopal,32.2,31,2.0,37.8,1014,0,9.5,Windy
2025-03-28,Bhopal,27.3,84,18.4,48.5,998,71,8.6,Cloudy
2025-03-29,Bhopal,33.8,88,14.4,31.0,1001,46,5.1,Foggy
2025-03-30,Bhopal,25.8,82,17.2,20.4,994,33,3.2,Rainy
2025-03-01,Visakhapatnam,28.6,52,9.3,32.6,1003,8,4.7,Thunderstorm
2025-03-02,Visakhapatnam,20.4,58,9.7,39.2,1009,2,8.1,Cloudy
2025-03-03,Visakhapatnam,30.5,55,8.4,11.6,983,9,7.5,Hazy
2025-03-04,Visakhapatnam,23.9,37,9.8,6.7,1024,85,3.2,Cloudy
2025-03-05,Visakhapatnam,16.5,90,2.3,17.0,989,22,2.8,Hazy
2025-03-06,Visakhapatnam,38.3,68,6.0,15.0,988,4,3.8,Cloudy
2025-03-07,Visakhapatnam,38.0,35,2.4,38.3,985,70,2.7,Foggy
2025-03-08,Visakhapatnam,17.0,67,8.8,1.7,1004,16,3.4,Windy
2025-03-09,Visakhapatnam,32.2,40,15.2,41.5,1028,20,6.5,Windy
2025-03-10,Visakhapatnam,27.0,59,13.1,6.5,982,44,4.4,Hazy
2025-03-11,Visakhapatnam,19.8,35,11.9,15.2,1006,43,3.7,Thunderstorm
2025-03-12,Visakhapatnam,19.6,70,10.7,12.7,987,94,8.8,Cloudy
2025-03-13,Visakhapatnam,25.3,31,3.8,1.5,1010,18,4.0,Cloudy
2025-03-14,Visakhapatnam,28.1,59,2.4,34.7,993,100,7.2,Sunny
2025-03-15,Visakhapatnam,25.6,34,1.4,4.9,983,59,5.9,Foggy
2025-03-16,Visakhapatnam,22.8,39,15.4,35.5,1020,54,4.3,Drizzle
2025-03-17,Visakhapatnam,38.7,37,3.8,22.9,1011,90,7.6,Hazy
2025-03-18,Visakhapatnam,35.0,51,18.4,26.8,999,86,4.4,Windy
2025-03-19,Visakhapatnam,20.5,76,2.9,36.8,1003,28,4.4,Rainy
2025-03-20,Visakhapatnam,23.0,65,9.4,10.3,1029,34,5.3,Thunderstorm
2025-03-21,Visakhapatnam,33.7,61,4.2,46.3,1011,96,4.3,Thunderstorm
2025-03-22,Visakhapatnam,30.1,67,6.8,34.4,1000,98,5.2,Drizzle
2025-03-23,Visakhapatnam,16.2,46,6.7,16.7,1017,1,3.2,Sunny
2025-03-24,Visakhapatnam,38.9,45,8.0,39.9,1023,81,5.6,Thunderstorm
2025-03-25,Visakhapatnam,34.4,75,14.7,43.4,1015,59,8.7,Windy
2025-03-26,Visakhapatnam,18.5,33,19.7,14.7,1025,8,8.4,Windy
2025-03-27,Visakhapatnam,26.2,51,17.5,15.3,1017,1,8.6,Foggy
2025-03-28,Visakhapatnam,15.9,35,18.9,49.7,1027,21,3.1,Windy
2025-03-29,Visakhapatnam,27.3,86,3.3,40.6,1021,40,8.1,Foggy
2025-03-30,Visakhapatnam,38.4,80,9.8,18.4,1029,88,9.6,Hazy
2025-03-01,Patna,15.3,72,18.4,13.9,1001,28,9.7,Hazy
2025-03-02,Patna,29.4,61,9.4,40.1,1021,81,5.6,Foggy
2025-03-03,Patna,30.0,87,8.5,10.0,1020,72,4.7,Rainy
2025-03-04,Patna,23.7,75,5.7,45.4,1023,93,9.4,Rainy
2025-03-05,Patna,35.8,83,1.7,25.8,1002,18,3.4,Drizzle
2025-03-06,Patna,23.4,88,13.5,38.3,982,11,7.3,Drizzle
2025-03-07,Patna,33.1,52,15.5,20.0,993,16,3.7,Hazy
2025-03-08,Patna,32.8,90,8.4,17.5,981,8,2.6,Windy
2025-03-09,Patna,32.8,32,12.8,11.6,990,83,7.9,Windy
2025-03-10,Patna,28.5,75,5.8,33.1,1003,43,2.3,Sunny
2025-03-11,Patna,27.3,75,18.0,46.9,1015,12,4.7,Hazy
2025-03-12,Patna,18.5,71,19.6,31.6,1002,56,5.8,Drizzle
2025-03-13,Patna,36.8,50,1.1,14.3,987,31,5.0,Foggy
2025-03-14,Patna,32.8,30,7.9,34.3,1025,81,5.6,Thunderstorm
2025-03-15,Patna,39.8,56,4.3,4.2,1024,99,4.3,Windy
2025-03-16,Patna,24.2,60,13.9,47.5,986,40,9.2,Rainy
2025-03-17,Patna,23.0,41,1.0,29.5,986,37,9.6,Cloudy
2025-03-18,Patna,24.1,37,9.9,43.9,1010,91,5.0,Windy
2025-03-19,Patna,18.9,56,6.4,37.2,1017,10,8.1,Drizzle
2025-03-20,Patna,31.5,55,18.2,8.5,997,79,3.6,Drizzle
2025-03-21,Patna,35.0,47,19.4,6.1,1025,43,2.4,Cloudy
2025-03-22,Patna,28.5,76,18.9,1.7,981,76,2.6,Rainy
2025-03-23,Patna,16.5,71,4.8,45.0,1024,58,4.6,Cloudy
2025-03-24,Patna,30.5,53,18.5,21.9,1011,81,2.3,Sunny
2025-03-25,Patna,30.3,78,19.4,48.4,987,21,2.3,Hazy
2025-03-26,Patna,28.0,62,5.0,10.2,1007,62,4.8,Sunny
2025-03-27,Patna,36.1,59,18.5,22.2,1019,31,8.3,Rainy
2025-03-28,Patna,36.0,79,4.5,45.3,1005,57,7.4,Windy
2025-03-29,Patna,32.6,74,4.1,49.1,998,78,5.3,Foggy
2025-03-30,Patna,34.6,88,13.4,25.9,1001,74,2.4,Cloudy
2025-03-01,Vadodara,26.8,76,7.6,46.1,1026,77,7.2,Windy
2025-03-02,Vadodara,37.0,51,15.5,45.4,1002,13,2.0,Windy
2025-03-03,Vadodara,25.5,89,19.6,19.9,1026,14,5.4,Thunderstorm
2025-03-04,Vadodara,17.6,53,14.0,1.1,982,78,6.3,Thunderstorm
2025-03-05,Vadodara,32.2,32,13.0,18.8,1025,76,7.8,Sunny
2025-03-06,Vadodara,35.1,83,19.1,7.2,1003,71,5.7,Hazy
2025-03-07,Vadodara,18.9,67,19.9,48.2,995,90,5.1,Thunderstorm
2025-03-08,Vadodara,27.0,69,8.1,44.2,995,34,5.9,Drizzle
2025-03-09,Vadodara,38.0,34,17.1,43.3,1000,6,2.2,Drizzle
2025-03-10,Vadodara,29.4,33,9.4,24.8,1008,24,4.0,Sunny
2025-03-11,Vadodara,29.2,36,9.8,26.6,1024,29,9.7,Foggy
2025-03-12,Vadodara,19.9,38,6.1,13.2,1024,64,5.3,Drizzle
2025-03-13,Vadodara,18.3,78,12.4,7.0,1007,76,6.5,Drizzle
2025-03-14,Vadodara,30.2,41,6.9,46.6,1021,67,4.2,Foggy
2025-03-15,Vadodara,26.4,70,1.5,29.6,1029,84,9.5,Thunderstorm
2025-03-16,Vadodara,38.3,85,2.8,8.7,1030,5,4.6,Windy
2025-03-17,Vadodara,20.1,38,17.1,11.6,1019,26,3.1,Cloudy
2025-03-18,Vadodara,34.5,49,6.4,26.7,1016,7,5.7,Hazy
2025-03-19,Vadodara,22.9,72,9.2,25.1,1022,31,5.3,Cloudy
2025-03-20,Vadodara,37.3,36,9.8,42.2,1019,51,3.0,Sunny
2025-03-21,Vadodara,20.5,79,3.3,18.6,991,70,8.1,Hazy
2025-03-22,Vadodara,16.2,86,8.5,34.3,996,78,6.6,Thunderstorm
2025-03-23,Vadodara,19.4,66,2.6,37.1,1000,28,4.5,Hazy
2025-03-24,Vadodara,25.6,43,9.5,36.2,985,45,3.0,Sunny
2025-03-25,Vadodara,23.2,38,7.1,28.5,983,78,7.9,Sunny
2025-03-26,Vadodara,18.5,33,5.9,32.4,995,42,9.7,Foggy
2025-03-27,Vadodara,19.2,42,8.3,23.2,986,26,5.7,Cloudy
2025-03-28,Vadodara,31.4,88,2.3,13.8,1007,30,5.1,Rainy
2025-03-29,Vadodara,38.5,56,3.8,23.8,1016,43,7.2,Cloudy
2025-03-30,Vadodara,21.7,41,10.0,18.9,986,26,3.9,Hazy
2025-03-01,Ghaziabad,24.0,84,3.3,43.5,984,56,9.6,Rainy
2025-03-02,Ghaziabad,25.9,79,19.5,6.9,1023,61,3.4,Foggy
2025-03-03,Ghaziabad,27.1,74,8.4,31.5,990,94,5.2,Drizzle
2025-03-04,Ghaziabad,35.5,39,10.9,34.5,1014,75,6.9,Sunny
2025-03-05,Ghaziabad,29.1,43,16.4,11.3,1006,38,5.6,Rainy
2025-03-06,Ghaziabad,23.1,62,19.2,18.2,996,73,9.3,Thunderstorm
2025-03-07,Ghaziabad,26.5,62,9.6,22.4,993,54,7.5,Hazy
2025-03-08,Ghaziabad,25.0,66,4.9,13.0,984,92,2.2,Thunderstorm
2025-03-09,Ghaziabad,25.3,52,4.1,32.3,991,15,5.9,Rainy
2025-03-10,Ghaziabad,24.1,86,13.6,34.4,1017,5,4.2,Thunderstorm
2025-03-11,Ghaziabad,15.8,75,17.6,20.5,1010,68,7.5,Hazy
2025-03-12,Ghaziabad,37.1,46,7.4,18.1,1003,49,6.2,Hazy
2025-03-13,Ghaziabad,38.3,62,6.7,49.6,1007,57,4.7,Drizzle
2025-03-14,Ghaziabad,22.2,36,9.4,43.3,1027,61,3.1,Thunderstorm
2025-03-15,Ghaziabad,21.2,69,4.2,37.0,1024,59,7.3,Thunderstorm
2025-03-16,Ghaziabad,26.5,70,16.0,24.7,1013,38,3.7,Windy
2025-03-17,Ghaziabad,38.5,50,7.3,44.5,1002,95,9.3,Thunderstorm
2025-03-18,Ghaziabad,21.9,89,2.0,23.7,1020,99,7.3,Drizzle
2025-03-19,Ghaziabad,29.9,64,1.3,25.2,1025,45,2.7,Windy
2025-03-20,Ghaziabad,16.1,74,17.8,43.5,1007,40,3.0,Foggy
2025-03-21,Ghaziabad,27.3,41,11.5,12.2,1022,14,8.4,Windy
2025-03-22,Ghaziabad,31.3,43,13.1,36.7,987,26,3.7,Windy
2025-03-23,Ghaziabad,21.3,86,16.8,8.4,1016,15,4.4,Cloudy
2025-03-24,Ghaziabad,20.9,78,12.4,2.0,997,47,9.7,Hazy
2025-03-25,Ghaziabad,31.7,69,12.9,19.8,1001,49,9.2,Drizzle
2025-03-26,Ghaziabad,31.3,78,9.9,0.6,1015,87,2.4,Drizzle
2025-03-27,Ghaziabad,29.3,86,9.9,8.9,1002,84,8.1,Foggy
2025-03-28,Ghaziabad,32.5,56,14.8,21.4,1016,79,2.6,Hazy
2025-03-29,Ghaziabad,28.8,39,19.3,38.4,1003,50,2.3,Thunderstorm
2025-03-30,Ghaziabad,24.6,49,1.6,24.9,997,86,2.1,Cloudy
2025-03-01,Ludhiana,32.6,30,11.2,21.9,1029,3,2.4,Cloudy
2025-03-02,Ludhiana,34.2,34,19.4,17.5,1005,76,5.8,Foggy
2025-03-03,Ludhiana,33.4,82,16.8,25.0,1027,83,5.0,Thunderstorm
2025-03-04,Ludhiana,39.5,73,1.5,26.8,1030,63,9.1,Drizzle
2025-03-05,Ludhiana,29.1,44,3.6,25.2,994,93,6.4,Foggy
2025-03-06,Ludhiana,38.7,35,15.7,26.6,1030,6,7.8,Foggy
2025-03-07,Ludhiana,22.6,77,16.1,39.6,1025,80,3.7,Windy
2025-03-08,Ludhiana,24.8,53,4.5,49.8,1023,99,6.5,Rainy
2025-03-09,Ludhiana,24.8,74,10.1,43.7,1013,62,7.4,Cloudy
2025-03-10,Ludhiana,23.3,40,14.0,42.9,1024,4,4.2,Rainy
2025-03-11,Ludhiana,31.5,57,15.2,47.3,1030,34,8.2,Thunderstorm
2025-03-12,Ludhiana,25.9,89,4.0,37.1,997,27,4.5,Windy
2025-03-13,Ludhiana,36.4,40,18.8,4.1,998,18,2.8,Thunderstorm
2025-03-14,Ludhiana,34.1,78,14.8,29.4,1008,64,9.4,Windy
2025-03-15,Ludhiana,32.9,50,17.2,41.4,1014,68,9.8,Cloudy
2025-03-16,Ludhiana,15.4,80,12.5,30.9,1026,15,6.8,Windy
2025-03-17,Ludhiana,35.7,47,15.4,39.9,1020,79,4.7,Thunderstorm
2025-03-18,Ludhiana,31.3,75,1.6,30.1,1011,49,4.9,Hazy
2025-03-19,Ludhiana,33.6,68,11.4,23.9,1015,47,8.9,Rainy
2025-03-20,Ludhiana,31.1,59,19.7,13.0,1003,31,2.7,Windy
2025-03-21,Ludhiana,24.8,40,15.3,12.4,1002,92,8.0,Hazy
2025-03-22,Ludhiana,25.5,57,5.6,2.9,1013,56,9.7,Thunderstorm
2025-03-23,Ludhiana,30.3,39,5.6,16.4,989,68,5.7,Thunderstorm
2025-03-24,Ludhiana,19.4,64,15.2,48.9,1024,39,3.9,Hazy
2025-03-25,Ludhiana,23.8,66,9.6,30.0,1018,23,4.7,Thunderstorm
2025-03-26,Ludhiana,32.7,71,5.8,36.8,1024,70,4.3,Hazy
2025-03-27,Ludhiana,26.5,73,17.3,48.4,987,48,7.7,Cloudy
2025-03-28,Ludhiana,26.3,90,14.3,49.9,1016,63,2.0,Sunny
2025-03-29,Ludhiana,15.8,54,19.5,23.3,1003,31,8.0,Rainy
2025-03-30,Ludhiana,16.0,86,4.6,41.5,1009,58,5.5,Drizzle
2025-03-01,Agra,33.3,42,10.9,42.1,1008,15,3.8,Windy
2025-03-02,Agra,27.9,50,2.6,45.7,984,27,7.9,Sunny
2025-03-03,Agra,35.9,40,2.7,4.0,985,96,9.3,Windy
2025-03-04,Agra,22.6,79,15.1,10.1,998,42,9.0,Rainy
2025-03-05,Agra,17.7,80,10.9,15.0,987,62,5.7,Foggy
2025-03-06,Agra,22.4,56,13.5,10.4,988,5,5.2,Hazy
2025-03-07,Agra,17.6,31,4.9,2.4,994,15,3.8,Hazy
2025-03-08,Agra,26.5,61,9.2,27.2,1016,74,8.3,Rainy
2025-03-09,Agra,23.0,56,8.5,16.1,1016,20,6.6,Sunny
2025-03-10,Agra,34.8,58,10.9,42.5,1004,47,3.9,Drizzle
2025-03-11,Agra,35.1,70,18.5,47.0,1027,82,4.9,Cloudy
2025-03-12,Agra,36.3,48,19.2,14.4,1012,94,2.9,Foggy
2025-03-13,Agra,37.6,84,6.2,27.8,989,7,7.3,Windy
2025-03-14,Agra,23.2,51,5.2,8.0,991,43,6.9,Sunny
2025-03-15,Agra,19.3,44,14.7,19.3,997,39,7.8,Drizzle
2025-03-16,Agra,15.4,52,1.1,0.7,1016,92,6.0,Thunderstorm
2025-03-17,Agra,30.3,39,15.5,33.6,1019,10,7.5,Rainy
2025-03-18,Agra,34.3,66,12.5,40.3,1007,95,6.2,Foggy
2025-03-19,Agra,20.7,46,15.4,19.7,995,51,8.1,Windy
2025-03-20,Agra,39.2,66,11.7,35.1,983,93,5.6,Foggy
2025-03-21,Agra,39.6,41,13.7,29.7,1028,3,3.3,Foggy
2025-03-22,Agra,34.7,85,8.0,45.1,1024,58,7.2,Foggy
2025-03-23,Agra,15.6,60,13.0,45.0,990,26,6.8,Hazy
2025-03-24,Agra,15.9,86,4.1,18.3,1014,97,2.3,Thunderstorm
2025-03-25,Agra,28.5,36,3.7,7.0,980,8,5.3,Sunny
2025-03-26,Agra,34.8,43,3.7,8.4,1010,93,6.8,Thunderstorm
2025-03-27,Agra,24.6,62,16.1,43.5,1030,4,7.4,Hazy
2025-03-28,Agra,16.1,65,2.2,1.0,1011,94,3.6,Hazy
2025-03-29,Agra,31.1,90,12.2,28.6,1009,45,2.3,Drizzle
2025-03-30,Agra,21.7,77,8.3,40.5,1000,69,9.2,Cloudy
2025-03-01,Nashik,33.2,90,6.4,45.0,1029,100,3.8,Thunderstorm
2025-03-02,Nashik,20.0,69,1.4,20.3,1000,88,4.2,Thunderstorm
2025-03-03,Nashik,30.9,82,10.5,43.9,999,2,6.3,Hazy
2025-03-04,Nashik,17.0,77,11.9,43.1,1026,79,2.1,Windy
2025-03-05,Nashik,30.0,50,8.6,25.7,985,62,3.1,Rainy
2025-03-06,Nashik,24.6,51,9.7,48.7,1007,58,8.2,Sunny
2025-03-07,Nashik,22.2,83,4.4,32.2,990,68,8.9,Windy
2025-03-08,Nashik,38.0,77,16.4,12.6,1030,90,3.3,Sunny
2025-03-09,Nashik,36.1,52,1.7,0.4,1028,42,7.7,Rainy
2025-03-10,Nashik,31.9,73,14.1,45.2,1011,56,2.5,Foggy
2025-03-11,Nashik,35.1,79,10.2,6.6,993,43,7.8,Rainy
2025-03-12,Nashik,16.7,72,9.0,41.3,991,72,8.3,Foggy
2025-03-13,Nashik,39.4,37,10.7,18.7,990,74,2.6,Hazy
2025-03-14,Nashik,33.3,54,10.0,23.7,999,62,7.6,Hazy
2025-03-15,Nashik,18.3,34,18.6,8.3,989,90,7.2,Cloudy
2025-03-16,Nashik,30.9,80,17.5,40.5,997,87,6.0,Rainy
2025-03-17,Nashik,18.3,90,9.5,24.1,986,78,2.8,Windy
2025-03-18,Nashik,36.4,81,19.5,41.8,985,90,4.3,Hazy
2025-03-19,Nashik,25.8,46,13.4,3.0,997,38,7.9,Drizzle
2025-03-20,Nashik,15.8,87,2.9,31.0,986,92,8.3,Windy
2025-03-21,Nashik,31.2,81,8.8,24.8,1011,39,2.5,Drizzle
2025-03-22,Nashik,34.5,45,16.8,2.9,984,25,4.7,Foggy
2025-03-23,Nashik,22.8,71,16.3,15.4,981,2,6.5,Hazy
2025-03-24,Nashik,19.9,88,13.7,40.3,1017,52,9.8,Hazy
2025-03-25,Nashik,19.5,85,6.6,1.9,1015,82,5.9,Rainy
2025-03-26,Nashik,20.9,54,3.0,45.9,1020,28,2.4,Foggy
2025-03-27,Nashik,34.6,58,16.1,8.5,992,78,3.6,Sunny
2025-03-28,Nashik,18.2,84,9.9,43.9,1024,94,6.5,Sunny
2025-03-29,Nashik,29.1,83,9.8,49.7,1006,89,5.0,Thunderstorm
2025-03-30,Nashik,16.4,82,12.0,23.7,983,90,7.0,Thunderstorm
2025-03-01,Faridabad,39.3,45,4.2,20.9,1001,19,6.5,Sunny
2025-03-02,Faridabad,29.9,72,3.4,14.3,1019,82,6.0,Sunny
2025-03-03,Faridabad,36.9,35,14.7,39.9,1001,11,4.7,Windy
2025-03-04,Faridabad,28.6,60,8.6,26.9,1025,45,4.0,Hazy
2025-03-05,Faridabad,39.7,70,7.8,12.7,1014,87,8.2,Sunny
2025-03-06,Faridabad,18.6,80,7.7,25.1,1027,78,8.9,Cloudy
2025-03-07,Faridabad,16.1,40,6.4,24.6,1013,6,3.9,Windy
2025-03-08,Faridabad,19.6,40,3.4,17.2,990,51,10.0,Windy
2025-03-09,Faridabad,35.8,85,2.4,22.7,1002,93,4.5,Thunderstorm
2025-03-10,Faridabad,38.8,42,19.8,25.4,999,71,3.9,Rainy
2025-03-11,Faridabad,34.5,53,7.0,10.9,1013,91,5.4,Hazy
2025-03-12,Faridabad,21.4,57,9.0,11.8,985,32,9.0,Sunny
2025-03-13,Faridabad,32.0,31,9.9,42.8,1020,52,6.5,Thunderstorm
2025-03-14,Faridabad,24.9,69,11.1,27.8,1002,46,7.8,Cloudy
2025-03-15,Faridabad,37.2,80,7.9,3.1,1022,33,6.8,Rainy
2025-03-16,Faridabad,27.3,57,17.8,18.4,1017,56,4.5,Sunny
2025-03-17,Faridabad,31.1,52,11.0,16.2,990,17,2.9,Sunny
2025-03-18,Faridabad,21.1,32,17.9,40.6,1001,38,4.9,Cloudy
2025-03-19,Faridabad,28.7,71,18.0,8.4,1016,19,8.6,Thunderstorm
2025-03-20,Faridabad,15.2,30,15.2,28.9,1016,75,8.5,Windy
2025-03-21,Faridabad,26.6,58,7.1,9.6,996,66,2.8,Rainy
2025-03-22,Faridabad,27.2,77,16.0,1.2,1003,65,3.1,Windy
2025-03-23,Faridabad,15.5,52,11.5,26.3,991,99,9.2,Drizzle
2025-03-24,Faridabad,30.1,83,18.6,24.7,985,90,2.6,Cloudy
2025-03-25,Faridabad,25.5,89,12.6,44.6,992,26,7.3,Sunny
2025-03-26,Faridabad,15.2,32,15.4,6.3,983,55,8.0,Drizzle
2025-03-27,Faridabad,30.3,31,17.4,32.0,1004,0,2.4,Windy
2025-03-28,Faridabad,20.4,36,8.3,36.8,993,93,9.8,Rainy
2025-03-29,Faridabad,30.6,67,16.8,35.8,994,68,6.4,Rainy
2025-03-30,Faridabad,17.6,68,2.8,5.4,1020,34,5.3,Sunny
2025-03-01,Meerut,24.0,67,10.3,9.4,983,55,6.7,Rainy
2025-03-02,Meerut,34.0,43,17.3,49.3,991,33,4.9,Sunny
2025-03-03,Meerut,27.3,51,13.6,26.5,1006,89,4.7,Thunderstorm
2025-03-04,Meerut,26.2,72,18.8,28.3,989,86,5.0,Rainy
2025-03-05,Meerut,24.3,42,14.2,41.1,1016,20,6.6,Hazy
2025-03-06,Meerut,29.8,67,18.6,1.2,1022,71,4.2,Rainy
2025-03-07,Meerut,27.3,76,14.7,5.8,1024,63,4.2,Hazy
2025-03-08,Meerut,38.2,81,3.7,38.1,1010,61,3.9,Windy
2025-03-09,Meerut,30.3,63,19.8,43.9,1004,36,3.6,Drizzle
2025-03-10,Meerut,30.3,79,19.7,9.8,1004,12,5.0,Rainy
2025-03-11,Meerut,24.6,37,16.8,21.1,1011,39,3.4,Windy
2025-03-12,Meerut,34.1,87,9.1,2.6,995,4,7.6,Thunderstorm
2025-03-13,Meerut,24.3,73,10.7,44.4,1009,80,5.7,Windy
2025-03-14,Meerut,21.8,54,12.2,10.0,981,21,2.7,Hazy
2025-03-15,Meerut,36.6,64,6.7,29.8,1021,8,8.9,Sunny
2025-03-16,Meerut,27.7,39,8.9,38.0,983,9,9.8,Thunderstorm
2025-03-17,Meerut,31.0,42,14.7,32.4,997,50,7.3,Sunny
2025-03-18,Meerut,17.2,87,15.6,29.6,1029,79,7.8,Thunderstorm
2025-03-19,Meerut,28.5,43,16.3,5.1,1015,29,3.1,Rainy
2025-03-20,Meerut,26.8,74,7.7,37.8,1008,50,6.3,Windy
2025-03-21,Meerut,26.9,44,12.8,22.8,1026,31,5.9,Windy
2025-03-22,Meerut,25.3,55,11.3,39.4,994,55,7.9,Windy
2025-03-23,Meerut,33.0,62,16.2,11.5,982,20,3.3,Hazy
2025-03-24,Meerut,27.8,30,2.1,43.1,987,55,9.9,Cloudy
2025-03-25,Meerut,24.1,62,1.8,36.8,983,68,4.2,Foggy
2025-03-26,Meerut,29.2,51,19.5,5.0,1001,69,7.5,Thunderstorm
2025-03-27,Meerut,34.4,58,1.8,5.0,1010,96,2.9,Cloudy
2025-03-28,Meerut,27.1,41,6.6,45.9,985,92,4.4,Windy
2025-03-29,Meerut,18.0,78,18.8,29.7,984,75,4.0,Drizzle
2025-03-30,Meerut,24.6,70,18.4,16.1,985,94,2.5,Rainy
2025-03-01,Rajkot,19.0,41,6.3,2.4,1026,94,4.7,Drizzle
2025-03-02,Rajkot,36.5,74,13.7,10.0,989,36,8.6,Thunderstorm
2025-03-03,Rajkot,19.9,85,8.2,1.8,1024,33,8.0,Sunny
2025-03-04,Rajkot,15.2,89,1.4,35.5,1001,81,3.6,Thunderstorm
2025-03-05,Rajkot,39.6,52,7.7,27.6,980,59,5.2,Cloudy
2025-03-06,Rajkot,32.1,54,16.6,26.2,996,49,3.7,Rainy
2025-03-07,Rajkot,18.2,72,12.4,47.1,1025,82,4.2,Windy
2025-03-08,Rajkot,19.1,76,14.5,31.5,1027,78,9.9,Hazy
2025-03-09,Rajkot,33.8,39,17.9,7.7,995,50,4.1,Thunderstorm
2025-03-10,Rajkot,37.5,40,4.6,5.3,1017,8,9.2,Windy
2025-03-11,Rajkot,20.3,69,18.8,27.2,1005,100,5.8,Rainy
2025-03-12,Rajkot,23.9,35,18.3,36.3,1029,61,5.0,Windy
2025-03-13,Rajkot,23.0,31,3.5,23.2,981,18,5.9,Sunny
2025-03-14,Rajkot,32.2,45,10.1,34.8,1023,41,6.2,Sunny
2025-03-15,Rajkot,26.7,68,12.6,23.1,1018,80,3.3,Hazy
2025-03-16,Rajkot,32.8,31,16.5,19.8,1026,33,6.5,Hazy
2025-03-17,Rajkot,17.4,79,2.7,26.7,1016,93,2.4,Rainy
2025-03-18,Rajkot,25.8,57,5.6,14.7,1023,49,5.3,Foggy
2025-03-19,Rajkot,17.2,54,6.4,49.9,995,20,6.0,Sunny
2025-03-20,Rajkot,17.9,56,10.6,41.2,1007,5,3.1,Cloudy
2025-03-21,Rajkot,28.7,32,10.9,8.7,1012,60,8.0,Hazy
2025-03-22,Rajkot,34.2,39,6.8,43.0,1009,33,4.8,Foggy
2025-03-23,Rajkot,29.4,39,3.8,31.1,1009,50,3.1,Drizzle
2025-03-24,Rajkot,35.6,35,11.9,38.1,1024,32,4.5,Rainy
2025-03-25,Rajkot,28.6,79,15.9,42.7,981,70,5.8,Thunderstorm
2025-03-26,Rajkot,16.9,55,3.3,44.8,1009,39,4.9,Hazy
2025-03-27,Rajkot,38.0,90,9.8,17.5,991,82,3.9,Windy
2025-03-28,Rajkot,17.1,35,4.1,32.1,1003,20,5.9,Drizzle
2025-03-29,Rajkot,28.8,55,15.9,4.0,997,48,3.8,Rainy
2025-03-30,Rajkot,16.0,31,12.7,36.0,1016,92,8.0,Rainy
2025-03-01,Varanasi,19.3,61,8.5,11.8,990,38,6.6,Cloudy
2025-03-02,Varanasi,29.8,55,10.4,10.8,993,43,8.8,Cloudy
2025-03-03,Varanasi,18.6,40,10.9,7.8,985,14,5.2,Hazy
2025-03-04,Varanasi,21.4,60,14.5,28.3,1022,34,2.6,Foggy
2025-03-05,Varanasi,37.7,80,19.1,35.4,1002,9,7.8,Cloudy
2025-03-06,Varanasi,20.3,42,18.4,15.2,1026,13,8.8,Drizzle
2025-03-07,Varanasi,30.3,71,15.7,29.6,998,69,9.8,Hazy
2025-03-08,Varanasi,26.5,78,17.9,37.5,1014,7,5.1,Sunny
2025-03-09,Varanasi,23.8,76,15.2,39.5,1025,51,3.1,Cloudy
2025-03-10,Varanasi,28.2,68,2.3,43.7,1016,57,3.0,Sunny
2025-03-11,Varanasi,20.7,49,15.8,18.9,1007,72,3.2,Windy
2025-03-12,Varanasi,36.0,57,2.7,20.6,1010,67,7.0,Sunny
2025-03-13,Varanasi,17.5,53,8.8,14.5,1016,48,8.3,Drizzle
2025-03-14,Varanasi,27.2,89,3.9,30.0,1000,44,2.5,Foggy
2025-03-15,Varanasi,25.9,80,5.1,3.9,1016,47,7.6,Sunny
2025-03-16,Varanasi,28.5,40,16.5,42.0,985,44,9.8,Thunderstorm
2025-03-17,Varanasi,18.3,65,4.4,37.3,992,33,9.3,Cloudy
2025-03-18,Varanasi,31.0,38,8.5,39.6,1018,47,9.2,Cloudy
2025-03-19,Varanasi,26.6,88,14.7,22.2,985,39,9.5,Rainy
2025-03-20,Varanasi,19.0,86,11.8,41.0,1021,41,6.9,Rainy
2025-03-21,Varanasi,29.6,41,1.6,37.0,1004,7,3.5,Sunny
2025-03-22,Varanasi,26.4,34,2.8,17.0,1028,91,2.4,Hazy
2025-03-23,Varanasi,20.9,30,4.8,34.2,998,75,3.0,Sunny
2025-03-24,Varanasi,29.1,39,15.9,6.6,982,0,9.6,Cloudy
2025-03-25,Varanasi,22.7,55,8.5,15.4,1026,97,7.6,Cloudy
2025-03-26,Varanasi,18.1,64,17.7,37.8,1021,74,9.2,Hazy
2025-03-27,Varanasi,24.3,44,19.4,22.6,991,51,2.5,Foggy
2025-03-28,Varanasi,24.3,76,14.3,13.6,990,76,9.0,Foggy
2025-03-29,Varanasi,36.0,41,18.4,40.3,1018,77,5.0,Foggy
2025-03-30,Varanasi,17.4,75,6.6,9.1,997,89,6.7,Rainy
2025-03-01,Srinagar,36.3,51,3.1,25.6,981,42,3.3,Drizzle
2025-03-02,Srinagar,27.2,70,9.7,38.9,1020,52,6.0,Cloudy
2025-03-03,Srinagar,20.3,31,19.0,5.0,1014,42,6.6,Windy
2025-03-04,Srinagar,34.8,41,18.2,24.1,986,33,5.9,Cloudy
2025-03-05,Srinagar,35.4,65,9.3,10.3,988,1,2.1,Foggy
2025-03-06,Srinagar,27.8,85,5.3,20.2,999,34,4.4,Sunny
2025-03-07,Srinagar,39.5,58,15.0,30.8,1023,100,9.9,Rainy
2025-03-08,Srinagar,28.1,33,15.7,17.0,1026,24,4.2,Windy
2025-03-09,Srinagar,23.4,80,3.3,22.3,1029,37,3.2,Cloudy
2025-03-10,Srinagar,29.6,82,8.8,16.6,991,14,5.3,Foggy
2025-03-11,Srinagar,39.8,59,17.7,1.4,1006,30,3.7,Sunny
2025-03-12,Srinagar,27.7,63,12.7,39.3,1003,56,7.6,Drizzle
2025-03-13,Srinagar,18.0,79,5.2,8.4,983,57,6.2,Hazy
2025-03-14,Srinagar,34.2,34,9.4,46.3,1008,92,8.0,Cloudy
2025-03-15,Srinagar,19.8,67,2.6,5.6,982,2,8.6,Sunny
2025-03-16,Srinagar,33.8,43,18.8,28.4,1000,8,5.1,Thunderstorm
2025-03-17,Srinagar,30.5,88,14.8,3.7,1014,77,9.8,Thunderstorm
2025-03-18,Srinagar,31.8,85,4.5,21.6,1011,2,5.1,Sunny
2025-03-19,Srinagar,18.0,90,1.0,35.0,1002,1,8.7,Rainy
2025-03-20,Srinagar,32.9,38,4.1,35.6,1006,19,3.8,Rainy
2025-03-21,Srinagar,34.2,49,13.2,12.6,1005,67,5.9,Thunderstorm
2025-03-22,Srinagar,21.5,77,14.3,47.2,1026,13,5.1,Rainy
2025-03-23,Srinagar,30.0,83,16.0,48.9,1022,74,8.4,Sunny
2025-03-24,Srinagar,36.0,52,2.5,42.4,980,20,6.7,Sunny
2025-03-25,Srinagar,28.7,67,3.2,46.2,990,20,9.8,Sunny
2025-03-26,Srinagar,37.0,57,10.2,15.9,1010,8,5.4,Foggy
2025-03-27,Srinagar,23.2,86,6.4,36.6,988,14,8.3,Drizzle
2025-03-28,Srinagar,18.4,65,15.5,23.5,996,80,9.9,Sunny
2025-03-29,Srinagar,22.5,73,17.0,44.0,991,7,3.5,Windy
2025-03-30,Srinagar,20.2,72,7.1,46.4,985,70,6.2,Rainy
2025-03-01,Aurangabad,22.5,82,13.6,4.0,1020,69,5.0,Foggy
2025-03-02,Aurangabad,22.1,83,14.2,14.9,1029,94,9.4,Cloudy
2025-03-03,Aurangabad,35.3,59,10.4,44.7,1004,91,5.3,Cloudy
2025-03-04,Aurangabad,31.8,82,19.3,0.9,1008,79,6.0,Windy
2025-03-05,Aurangabad,38.9,57,14.2,4.1,989,54,2.5,Sunny
2025-03-06,Aurangabad,17.1,41,19.9,36.4,1027,60,9.9,Drizzle
2025-03-07,Aurangabad,22.5,70,13.6,43.4,1021,42,8.7,Hazy
2025-03-08,Aurangabad,32.6,47,11.0,42.3,991,78,5.7,Drizzle
2025-03-09,Aurangabad,38.0,74,12.6,39.2,1012,10,4.4,Hazy
2025-03-10,Aurangabad,15.8,78,14.4,39.2,983,25,2.6,Thunderstorm
2025-03-11,Aurangabad,33.4,76,13.0,11.1,1009,21,9.3,Drizzle
2025-03-12,Aurangabad,40.0,50,9.0,26.5,1005,16,4.4,Sunny
2025-03-13,Aurangabad,23.0,67,8.7,13.1,1025,82,3.3,Windy
2025-03-14,Aurangabad,25.3,42,2.2,18.4,989,17,10.0,Foggy
2025-03-15,Aurangabad,30.9,39,5.0,19.4,1001,84,5.7,Thunderstorm
2025-03-16,Aurangabad,23.4,62,19.8,12.6,1019,20,6.5,Cloudy
2025-03-17,Aurangabad,34.9,53,3.1,8.9,999,3,4.8,Hazy
2025-03-18,Aurangabad,33.5,87,5.5,42.6,998,62,5.4,Hazy
2025-03-19,Aurangabad,26.8,86,2.8,39.7,1030,86,4.5,Hazy
2025-03-20,Aurangabad,35.0,33,1.3,0.5,981,20,9.2,Foggy
2025-03-21,Aurangabad,20.3,71,11.0,5.3,1029,59,5.1,Thunderstorm
2025-03-22,Aurangabad,31.3,38,13.5,1.3,1019,99,3.2,Rainy
2025-03-23,Aurangabad,30.2,82,12.8,27.9,1021,55,9.8,Hazy
2025-03-24,Aurangabad,34.4,53,11.6,12.4,1020,24,2.0,Thunderstorm
2025-03-25,Aurangabad,30.0,83,18.2,6.3,1010,57,4.6,Rainy
2025-03-26,Aurangabad,34.8,58,16.6,29.1,1027,76,9.6,Thunderstorm
2025-03-27,Aurangabad,36.7,52,16.2,14.8,1014,47,3.3,Foggy
2025-03-28,Aurangabad,36.9,76,17.2,21.3,1015,64,7.7,Windy
2025-03-29,Aurangabad,22.3,48,4.8,43.9,1019,92,6.3,Hazy
2025-03-30,Aurangabad,34.5,31,5.9,35.5,1014,47,2.7,Foggy
2025-03-01,Dhanbad,38.5,84,12.0,6.7,1016,34,9.2,Foggy
2025-03-02,Dhanbad,18.6,58,6.8,5.8,998,76,2.6,Thunderstorm
2025-03-03,Dhanbad,17.0,82,5.3,36.6,981,6,8.8,Sunny
2025-03-04,Dhanbad,36.6,77,19.6,21.7,996,49,2.8,Sunny
2025-03-05,Dhanbad,25.3,71,3.1,35.4,993,35,2.0,Foggy
2025-03-06,Dhanbad,36.3,61,14.1,39.1,1002,59,9.0,Hazy
2025-03-07,Dhanbad,28.7,40,14.3,25.9,1030,70,6.3,Thunderstorm
2025-03-08,Dhanbad,16.1,30,10.7,35.1,980,97,4.5,Windy
2025-03-09,Dhanbad,39.5,58,4.5,13.0,985,26,3.1,Rainy
2025-03-10,Dhanbad,36.2,39,17.2,21.2,1020,3,6.6,Foggy
2025-03-11,Dhanbad,22.2,82,7.1,17.8,1004,11,5.3,Sunny
2025-03-12,Dhanbad,33.0,40,1.9,38.5,981,18,3.7,Drizzle
2025-03-13,Dhanbad,32.6,39,13.3,3.0,999,23,4.3,Foggy
2025-03-14,Dhanbad,31.6,37,13.4,46.4,1027,5,8.2,Hazy
2025-03-15,Dhanbad,25.9,44,3.2,38.8,1011,61,5.8,Cloudy
2025-03-16,Dhanbad,38.3,38,10.5,36.1,1028,78,4.4,Foggy
2025-03-17,Dhanbad,29.6,82,7.5,11.6,999,83,7.3,Thunderstorm
2025-03-18,Dhanbad,27.5,57,4.9,2.2,999,34,5.6,Thunderstorm
2025-03-19,Dhanbad,27.0,71,11.7,11.0,983,18,5.4,Rainy
2025-03-20,Dhanbad,38.0,87,14.0,10.6,988,4,5.5,Drizzle
2025-03-21,Dhanbad,20.5,43,12.7,26.9,992,71,9.8,Rainy
2025-03-22,Dhanbad,26.4,86,10.3,17.2,1000,27,2.6,Foggy
2025-03-23,Dhanbad,27.6,84,18.6,48.7,1001,32,3.1,Cloudy
2025-03-24,Dhanbad,27.7,78,9.7,49.7,1001,89,2.6,Foggy
2025-03-25,Dhanbad,21.4,65,8.5,38.3,1027,89,4.6,Thunderstorm
2025-03-26,Dhanbad,32.8,86,8.4,6.0,1020,52,9.9,Thunderstorm
2025-03-27,Dhanbad,24.8,50,16.9,30.6,1023,20,4.4,Foggy
2025-03-28,Dhanbad,35.7,39,19.5,45.3,1007,52,8.5,Rainy
2025-03-29,Dhanbad,17.0,85,19.1,19.4,1015,5,2.9,Foggy
2025-03-30,Dhanbad,35.7,45,15.7,21.9,997,63,8.1,Rainy
